Teams,Tag,P,W,T,L,F,A,Dif,Pts,,,
Brutality,By,10,9,0,1,3958,3200,758,80,,Matches,40
Ici Ca Bz,bz,10,6,0,4,3831,3382,449,65,,Completed,40
George Arvo Mark Toad,GAMT,10,6,0,4,3774,3340,434,64,,,
The Nice Guys,TNG,10,6,0,4,3407,2909,498,62,,Sum of Wins,40
Shadow Team,ST,10,7,0,3,3646,3180,466,61,,Sum of Losses,40
Contingency White,Cy,10,5,0,5,3489,3349,140,50,,,
Geek for Life,G4L,10,1,0,9,3036,3855,-819,16,,,
Quintessence,Qnt,10,0,0,10,1996,3922,-1926,2,,,
,,,,,,,,,,,,
DONE,W,Pts,L,Pts,Dif,,,,,,,
10/13/2022,By,8,TNG,2,88,,,,,,,
By v. TNG (8-2),GP1,GP2,GP3,Total,Place,,,,,,,
Declan,37,30,43,110,1,,,,,,,
Nuke,57,19,31,107,2,,,,,,,
Spade,26,28,45,99,3,,,,,,,
jck,24,34,28,86,6,,,,,,,
Todd,3,3,2,8,9,OP Scr,+/-,WTD,TpF,TpA,Event,
Brutality,147,114,149,0,410,322,88,W,8,2,R,
(1-0),2,0,2,4,8,,,,,,,
(0-1),0,2,0,0,2,,,,,,,
The Nice Guys,97,130,95,0,322,410,-88,L,2,8,R,
Rey,22,48,25,95,4,,,,,,,
chaos,29,32,31,92,5,,,,,,,
brisk,26,24,24,74,7,,,,,,,
Kaizo,19,25,13,57,8,,,,,,,
andreese,1,1,2,4,10,,,,,,,
,,,,,,,,,,,,
DONE,W,Pts,L,Pts,Dif,,,,,,,
10/15/2022,bz,8,Qnt,2,102,,,,,,,
bz v. Qnt,GP1,GP2,GP3,Total,Place,,,,,,,
demon,32,46,29,107,1,,,,,,,
Hakim,39,42,22,103,2,,,,,,,
Shark,24,29,33,86,3,,,,,,,
Gisko,29,23,32,84,4,,,,,,,
Lxddz,17,5,2,24,10,OP Scr,+/-,WTD,TpF,TpA,Event,
Ici Ca Bz,141,145,118,0,404,302,102,W,8,2,R,
(1-0),2,2,0,4,8,,,,,,,
(0-1),0,0,2,0,2,,,,,,,
Quintessence,87,89,126,0,302,404,-102,L,2,8,R,
Ronin,33,13,23,69,5,,,,,,,
ICU,19,15,31,65,6,,,,,,,
Cole,19,25,21,65,7,,,,,,,
Aqua,6,26,28,60,8,,,,,,,
Locky,10,10,23,43,9,,,,,,,
,,,,,,,,,,,,
DONE,W,Pts,L,Pts,Dif,,,,,,,
10/15/2022,bz,10,Cy,0,138,,,,,,,
bz v. Cy (10-0),GP1,GP2,GP3,Total,Place,,,,,,,
Hakim,37,48,48,133,1,,,,,,,
Shark,49,40,30,119,2,,,,,,,
Gisko,25,14,46,85,4,,,,,,,
Shiv,26,22,34,82,5,,,,,,,
Lxddz,2,2,2,6,9,OP Scr,+/-,WTD,TpF,TpA,Event,
Ici Ca Bz,139,126,160,0,425,287,138,W,10,0,R,
(2-0),2,2,2,4,10,,,,,,,
(0-1),0,0,0,0,0,,,,,,,
Contingency White,105,118,84,-20,287,425,-138,L,0,10,R,
HenryUS,20,35,35,90,3,,,,,,,
DanUK,27,24,22,73,6,,,,,,,
Alexander,31,26,15,72,7,,,,,,,
Klyde,25,31,10,66,8,,,,,,,
Ozzy,2,2,2,6,9,,,,,,,
,,,,,,,,,,,,
DONE,W,Pts,L,Pts,Dif,,,,,,,
10/15/2022,ST,10,Qnt,0,150,,,,,,,
ST v. Qnt (10-0),GP1,GP2,GP3,Total,Place,,,,,,,
ayanami,42,30,47,119,1,,,,,,,
Agger,45,33,36,114,2,,,,,,,
Saru,33,26,35,94,3,,,,,,,
JesusST,31,24,37,92,5,,,,,,,
Kyu,0,2,2,4,10,OP Scr,+/-,WTD,TpF,TpA,Event,
Shadow Team,151,115,157,0,423,273,150,W,10,0,R,
(1-0),2,2,2,4,10,,,,,,,
(0-2),0,0,0,0,0,,,,,,,
Quintessence,86,100,87,0,273,423,-150,L,0,10,R,
Locky,19,35,39,93,4,,,,,,,
ICU,27,21,20,68,6,,,,,,,
Aqua,14,15,12,41,7,,,,,,,
Ben,14,11,14,39,8,,,,,,,
Verley,12,18,2,32,9,,,,,,,
,,,,,,,,,,,,
DONE,W,Pts,L,Pts,Dif,,,,,,,
10/16/2022,GAMT,8,G4L,2,78,,,,,,,
GAMT v. G4L (8-2),GP1,GP2,GP3,Total,Place,,,,,,,
ryannnn,46,45,25,116,1,,,,,,,
GAMT Marky,14,41,54,109,2,,,,,,,
GAMT Logan,31,36,26,93,3,,,,,,,
Luna,15,16,46,77,6,,,,,,,
Log,4,2,4,10,9,OP Scr,+/-,WTD,TpF,TpA,Event,
George Arvo Mark Toad,110,140,155,0,405,327,78,W,8,2,R,
(1-0),0,2,2,4,8,,,,,,,
(0-1),2,0,0,0,2,,,,,,,
Geek for Life,134,104,89,0,327,405,-78,L,2,8,R,
JordanFR,40,35,18,93,3,,,,,,,
Froej,29,32,31,92,5,,,,,,,
Michaud,28,15,28,71,7,,,,,,,
VicZ,37,20,12,69,8,,,,,,,
DemonMK,0,2,0,2,10,,,,,,,
,,,,,,,,,,,,
DONE,W,Pts,L,Pts,Dif,,,,,,,
10/16/2022,ST,8,Cy,2,4,,,,,,,
ST v. Cy (8-2),GP1,GP2,GP3,Total,Place,,,,,,,
ayanami,42,39,42,123,1,,,,,,,
Gabo,27,26,36,89,4,,,,,,,
Froste,36,25,24,85,5,,,,,,,
Agger,26,16,22,64,8,,,,,,,
Ais,4,1,2,7,9,OP Scr,+/-,WTD,TpF,TpA,Event,
Shadow Team,135,107,126,0,368,364,4,W,8,2,R,
(2-0),2,0,2,4,8,,,,,,,
(0-2),0,2,0,0,2,,,,,,,
Contingency White,109,137,118,0,364,368,-4,L,2,8,R,
HenryUS,51,38,24,113,2,,,,,,,
Klyde,20,35,36,91,3,,,,,,,
makima,23,29,30,82,6,,,,,,,
DanUK,15,32,26,73,7,,,,,,,
bran,0,3,2,5,10,,,,,,,
,,,,,,,,,,,,
DONE,W,Pts,L,Pts,Dif,,,,,,,
10/18/2022,By,10,G4L,0,142,,,,,,,
By v. G4L,GP1,GP2,GP3,Total,Place,,,,,,,
Spade,45,46,51,142,1,,,,,,,
Fire,46,38,18,102,2,,,,,,,
jck,39,30,29,98,3,,,,,,,
Declan,32,21,35,88,5,,,,,,,
Todd,1,2,4,7,9,OP Scr,+/-,WTD,TpF,TpA,Event,
Brutality,163,137,137,0,437,295,142,W,10,0,R,
(2-0),2,2,2,4,10,,,,,,,
(0-2),0,0,0,0,0,,,,,,,
Geek for Life,81,107,107,0,295,437,-142,L,0,10,R,
JordanFR,32,37,29,98,3,,,,,,,
VicZ,16,36,26,78,6,,,,,,,
Snoop,18,16,34,68,7,,,,,,,
froej,12,16,18,46,8,,,,,,,
FK Yazid,3,2,0,5,10,,,,,,,
,,,,,,,,,,,,
DONE,W,Pts,L,Pts,Dif,,,,,,,
10/22/2022,GAMT,8,TNG,2,86,,,,,,,
GAMT v. TNG (8-2),GP1,GP2,GP3,Total,Place,,,,,,,
ryannnn,44,34,52,130,1,,,,,,,
GAMT Eric,44,27,28,99,2,,,,,,,
Luna,26,26,38,90,3,,,,,,,
GAMT Logan,31,26,27,84,5,,,,,,,
Log,3,1,2,6,9,OP Scr,+/-,WTD,TpF,TpA,Event,
George Arvo Mark Toad,148,114,147,-20,389,303,86,W,8,2,R,
(2-0),2,0,2,4,8,,,,,,,
(0-2),0,2,0,0,2,,,,,,,
The Nice Guys,96,130,97,-20,303,389,-86,L,2,8,R,
Luk3,30,32,25,87,4,,,,,,,
brisk,15,46,23,84,5,,,,,,,
The Beast,33,26,18,77,7,,,,,,,
Rey,17,23,29,69,8,,,,,,,
Kaizo,1,3,2,6,9,,,,,,,
,,,,,,,,,,,,
DONE,W,Pts,L,Pts,Dif,,,,,,,
10/23/2022,G4L,10,Qnt,0,128,,,,,,,
G4L v. Qnt (10-0),GP1,GP2,GP3,Total,Place,,,,,,,
VicZ,39,50,25,114,1,,,,,,,
JordanFR,34,29,49,112,2,,,,,,,
Lukas,41,14,50,105,3,,,,,,,
DemonMK,32,43,22,97,4,,,,,,,
FK Yazid,0,1,1,2,10,OP Scr,+/-,WTD,TpF,TpA,Event,
Geek for Life,146,137,147,0,430,302,128,W,10,0,R,
(1-2),2,2,2,4,10,,,,,,,
(0-3),0,0,0,0,0,,,,,,,
Quintessence,98,107,97,0,302,430,-128,L,0,10,R,
Ben,10,39,43,92,5,,,,,,,
Locky,26,28,24,78,6,,,,,,,
Aqua,36,17,9,62,7,,,,,,,
Krapel,22,20,18,60,8,,,,,,,
Cole,4,3,3,10,9,,,,,,,
,,,,,,,,,,,,
DONE,W,Pts,L,Pts,Dif,,,,,,,
10/23/2022,Cy,6,GAMT,4,12,,,,,,,
Cy v. GAMT (6-4),GP1,GP2,GP3,Total,Place,,,,,,,
Klover,34,39,30,103,2,,,,,,,
DanUK,30,32,39,101,3,,,,,,,
Klyde,32,20,41,93,4,,,,,,,
Henry,20,29,23,72,8,,,,,,,
Charmender,1,1,1,3,10,OP Scr,+/-,WTD,TpF,TpA,Event,
Contingency White,117,121,134,0,372,360,12,W,6,4,R,
(1-2),0,0,2,4,6,,,,,,,
(2-1),2,2,0,0,4,,,,,,,
George Arvo Mark Toad,127,123,110,0,360,372,-12,L,4,6,R,
Ryan,35,47,36,118,1,,,,,,,
Eric,36,32,16,84,5,,,,,,,
Logan,33,14,28,75,6,,,,,,,
Mark,20,27,27,74,7,,,,,,,
Gerogio,3,3,3,9,9,,,,,,,
,,,,,,,,,,,,
DONE,W,Pts,L,Pts,Dif,,,,,,,
10/23/2022,GAMT,10,By,0,144,,,,,,,
GAMT v. By (10-0),GP1,GP2,GP3,Total,Place,,,,,,,
ryannnn,42,53,46,141,1,,,,,,,
GAMT Logan,35,27,37,99,2,,,,,,,
GAMT Marky,24,36,24,84,3,,,,,,,
GAMT Eric,29,15,22,66,5,,,,,,,
Gerogio,0,1,3,4,10,OP Scr,+/-,WTD,TpF,TpA,Event,
George Arvo Mark Toad,130,132,132,0,394,250,144,W,10,0,R,
(3-1),2,2,2,4,10,,,,,,,
(2-1),0,0,0,0,0,,,,,,,
Brutality,70,68,112,0,250,394,-144,L,0,10,R,
Fire,15,26,26,67,4,,,,,,,
Declan,23,14,25,62,6,,,,,,,
jck,7,18,36,61,7,,,,,,,
latitude,25,10,1,36,8,,,,,,,
Nuke,0,0,24,24,9,,,,,,,
,,,,,,,,,,,,
DONE,W,Pts,L,Pts,Dif,,,,,,,
10/23/2022,ST,9,bz,1,102,,,,,,,
ST v. bz (9-1),GP1,GP2,GP3,Total,Place,,,,,,,
ayanami,45,45,37,127,1,,,,,,,
JorgeST,37,32,41,110,2,,,,,,,
Saru,28,37,24,89,4,,,,,,,
Agger,24,43,17,84,5,,,,,,,
Kyu,3,1,3,7,9,OP Scr,+/-,WTD,TpF,TpA,Event,
Shadow Team,137,158,122,0,417,315,102,W,9,1,R,
(3-0),2,2,1,4,9,,,,,,,
(2-1),0,0,1,0,1,,,,,,,
Ici Ca Bz,107,86,122,0,315,417,-102,L,1,9,R,
Gisko,33,23,45,101,3,,,,,,,
Mat,21,17,39,77,6,,,,,,,
Demon,39,18,17,74,7,,,,,,,
Cobra,13,25,20,58,8,,,,,,,
Lxddz,1,3,1,5,10,,,,,,,
,,,,,,,,,,,,
DONE,W,Pts,L,Pts,Dif,,,,,,,
10/23/2022,TNG,10,G4L,0,100,,,,,,,
TNG v. G4L (10-0),GP1,GP2,GP3,Total,Place,,,,,,,
chaos,52,52,36,140,1,,,,,,,
Dino,33,15,49,97,2,,,,,,,
Rey,24,29,38,91,4,,,,,,,
brisk,23,30,28,81,6,,,,,,,
andreese,2,1,4,7,9,OP Scr,+/-,WTD,TpF,TpA,Event,
The Nice Guys,134,127,155,0,416,316,100,W,10,0,R,
(1-2),2,2,2,4,10,,,,,,,
(1-3),0,0,0,0,0,,,,,,,
Geek for Life,110,117,89,0,316,416,-100,L,0,10,R,
JordanFR,39,30,23,92,3,,,,,,,
VicZ,25,33,32,90,5,,,,,,,
Lukas,22,27,17,66,7,,,,,,,
Froej,22,24,17,63,8,,,,,,,
DemonMK,2,3,0,5,10,,,,,,,
,,,,,,,,,,,,
DONE,W,Pts,L,Pts,Dif,,,,,,,
10/25/2022,bz,10,G4L,0,98,,,,,,,
bz v. G4L (10-0),GP1,GP2,GP3,Total,Place,,,,,,,
Shiv,40,39,36,115,1,,,,,,,
Gisko,30,40,38,108,2,,,,,,,
Shark,28,34,38,100,4,,,,,,,
Hakim,39,22,23,84,6,,,,,,,
Lxddz,4,2,2,8,9,OP Scr,+/-,WTD,TpF,TpA,Event,
Ici Ca Bz,141,137,137,0,415,317,98,W,10,0,R,
(3-1),2,2,2,4,10,,,,,,,
(1-4),0,0,0,0,0,,,,,,,
Geek for Life,103,107,107,0,317,415,-98,L,0,10,R,
JordanFR,47,19,35,101,3,,,,,,,
VicZ,20,34,34,88,5,,,,,,,
DemonMK,21,20,26,67,7,,,,,,,
Lukas,15,32,10,57,8,,,,,,,
FK Yazid,0,2,2,4,10,,,,,,,
,,,,,,,,,,,,
DONE,W,Pts,L,Pts,Dif,,,,,,,
10/25/2022,Cy,10,G4L,0,52,,,,,,,
Cy v. G4L (10-0),GP1,GP2,GP3,Total,Place,,,,,,,
Klover,37,41,37,115,2,,,,,,,
DanUK,45,24,24,93,3,,,,,,,
Klyde,18,29,45,92,4,,,,,,,
HenryUS,26,30,30,86,5,,,,,,,
Charmender,1,2,3,6,9,OP Scr,+/-,WTD,TpF,TpA,Event,
Contingency White,127,126,139,0,392,340,52,W,10,0,R,
(2-2),2,2,2,4,10,,,,,,,
(1-5),0,0,0,0,0,,,,,,,
Geek for Life,117,118,105,0,340,392,-52,L,0,10,R,
JordanFR,46,43,40,129,1,,,,,,,
Lukas,21,23,28,72,6,,,,,,,
Froej,26,24,18,68,7,,,,,,,
VicZ,21,26,18,65,8,,,,,,,
DemonMK,3,2,1,6,9,,,,,,,
,,,,,,,,,,,,
DONE,W,Pts,L,Pts,Dif,,,,,,,
10/27/2022,By,6,bz,4,12,,,,,,,
By v. bz (6-4),GP1,GP2,GP3,Total,Place,,,,,,,
jck,43,34,34,111,2,,,,,,,
Declan,34,26,34,94,3,,,,,,,
Fire,37,36,19,92,4,,,,,,,
Nuke,18,22,23,63,7,,,,,,,
Todd,4,2,1,7,9,OP Scr,+/-,WTD,TpF,TpA,Event,
Brutality,136,120,111,0,367,355,12,W,6,4,R,
(3-1),2,0,0,4,6,,,,,,,
(3-2),0,2,2,0,4,,,,,,,
Ici Ca Bz,108,124,123,0,355,367,-12,L,4,6,R,
Mat,31,40,45,116,1,,,,,,,
Gisko,32,32,26,90,5,,,,,,,
Hakim,15,22,39,76,6,,,,,,,
Shark,30,28,10,68,8,,,,,,,
Lxddz,0,2,3,5,10,,,,,,,
,,,,,,,,,,,,
,,,,,,,,,,,,
DONE,W,Pts,L,Pts,Dif,,,,,,,
10/29/2022,GAMT,10,Qnt,0,174,,,,,,,
GAMT v. Qnt (10-0),GP1,GP2,GP3,Total,Place,,,,,,,
ryannnn,60,51,40,151,1,,,,,,,
GAMT Arvo,36,27,48,111,2,,,,,,,
Luna,19,51,30,100,3,,,,,,,
GAMT Marky,30,32,24,86,5,,,,,,,
Log,2,1,2,5,10,OP Scr,+/-,WTD,TpF,TpA,Event,
George Arvo Mark Toad,147,162,144,0,453,279,174,W,10,0,R,
(4-1),2,2,2,4,10,,,,,,,
(0-4),0,0,0,0,0,,,,,,,
Quintessence,97,82,100,0,279,453,-174,L,0,10,R,
Verley,35,21,41,97,4,,,,,,,
Ben,24,28,25,77,6,,,,,,,
Locky,21,14,13,48,7,,,,,,,
Cole,15,16,16,47,8,,,,,,,
ICU,2,3,5,10,9,,,,,,,
,,,,,,,,,,,,
DONE,W,Pts,L,Pts,Dif,,,,,,,
10/29/2022,Cy,10,Qnt,0,98,,,,,,,
Cy v. Qnt (10-0),GP1,GP2,GP3,Total,Place,,,,,,,
Klover,43,15,49,107,1,,,,,,,
Monty,44,36,26,106,2,,,,,,,
DanUK,29,38,37,104,3,,,,,,,
Klyde,32,35,25,92,4,,,,,,,
Bran,2,2,2,6,9,OP Scr,+/-,WTD,TpF,TpA,Event,
Contingency White,150,126,139,0,415,317,98,W,10,0,R,
(3-2),2,2,2,4,10,,,,,,,
(0-5),0,0,0,0,0,,,,,,,
Quintessence,94,118,105,0,317,415,-98,L,0,10,R,
Goomba,13,43,36,92,5,,,,,,,
Aqua,32,20,30,82,6,,,,,,,
Ronin,30,35,15,80,7,,,,,,,
ICU,17,18,22,57,8,,,,,,,
Locky,2,2,2,6,9,,,,,,,
,,,,,,,,,,,,
DONE,W,Pts,L,Pts,Dif,,,,,,,
10/30/2022,By,10,Qnt,0,172,,,,,,,
By v. Qnt (10-0),GP1,GP2,GP3,Total,Place,,,,,,,
zilla,35,54,47,136,1,,,,,,,
Spade,39,39,31,109,2,,,,,,,
Fire,44,26,36,106,3,,,,,,,
Declan,39,36,22,97,4,,,,,,,
Todd,2,1,1,4,10,OP Scr,+/-,WTD,TpF,TpA,Event,
Brutality,159,156,137,0,452,280,172,W,10,0,R,
(4-1),2,2,2,4,10,,,,,,,
(0-6),0,0,0,0,0,,,,,,,
Quintessence,85,88,107,0,280,452,-172,L,0,10,R,
Ben,26,17,36,79,5,,,,,,,
Goomba,24,16,26,66,6,,,,,,,
Aqua,15,26,23,64,7,,,,,,,
ICU,18,26,14,58,8,,,,,,,
Locky,2,3,8,13,9,,,,,,,
,,,,,,,,,,,,
DONE,W,Pts,L,Pts,Dif,,,,,,,
10/29/2022,By,10,ST,0,136,,,,,,,
By v. ST (10-0),GP1,GP2,GP3,Total,Place,,,,,,,
Fire,23,57,38,118,1,,,,,,,
Declan,46,30,35,111,2,,,,,,,
jck,38,30,43,111,2,,,,,,,
Emperor,26,33,22,81,4,,,,,,,
Todd,3,2,1,6,10,OP Scr,+/-,WTD,TpF,TpA,Event,
Brutality,136,152,139,0,427,291,136,W,10,0,R,
(5-1),2,2,2,4,10,,,,,,,
(3-1),0,0,0,0,0,,,,,,,
Shadow Team,94,92,105,0,291,427,-136,L,0,10,R,
Saru,20,29,25,74,5,,,,,,,
JesusST,20,21,33,74,5,,,,,,,
ayanami,26,26,16,68,7,,,,,,,
JorgeST,25,14,28,67,8,,,,,,,
Javier(8)/Kyu(4),3,2,3,8,9,,,,,,,
,,,,,,,,,,,,
DONE,W,Pts,L,Pts,Dif,,,,,,,
10/30/2022,TNG,8,bz,2,46,,,,,,,
TNG v. bz (8-2),GP1,GP2,GP3,Total,Place,,,,,,,
chaos,35,46,31,112,1,,,,,,,
Dino,46,34,30,110,2,,,,,,,
Rey,26,20,39,85,5,,,,,,,
Noah Cove,27,32,17,76,6,,,,,,,
brisk,3,3,0,6,9,OP Scr,+/-,WTD,TpF,TpA,Event,
The Nice Guys,137,135,117,0,389,343,46,W,8,2,R,
(2-2),2,2,0,4,8,,,,,,,
(3-3),0,0,2,0,2,,,,,,,
Ici Ca Bz,107,109,127,0,343,389,-46,L,2,8,R,
Shiv,16,39,52,107,3,,,,,,,
Cobra,35,28,33,96,4,,,,,,,
Gisko,30,16,23,69,7,,,,,,,
Hakim,25,25,15,65,8,,,,,,,
Lxddz,1,1,4,6,9,,,,,,,
,,,,,,,,,,,,
DONE,W,Pts,L,Pts,Dif,,,,,,,
10/30/2022,GAMT,10,ST,0,46,,,,,,,
GAMT v. ST (10-0),GP1,GP2,GP3,Total,Place,,,,,,,
ryannnn,31,26,41,98,3,,,,,,,
Luna,24,43,26,93,7,,,,,,,
GAMT Logan,39,26,24,89,6,,,,,,,
GAMT Arvo(6)/Mark(6),38,30,32,100,1,,,,,,,
Gerogio,3,3,3,9,9,OP Scr,+/-,WTD,TpF,TpA,Event,
George Arvo Mark Toad,135,128,126,0,389,343,46,W,10,0,R,
(5-1),2,2,2,4,10,,,,,,,
(3-2),0,0,0,0,0,,,,,,,
Shadow Team,109,116,118,0,343,389,-46,L,0,10,R,
ayanami,28,40,32,100,1,,,,,,,
JesusST,37,27,32,96,4,,,,,,,
JorgeST,16,7,30,53,8,,,,,,,
MonsterST(6)/Agger(6),27,41,23,91,5,,,,,,,
Kyu,1,1,1,3,10,,,,,,,
,,,,,,,,,,,,
DONE,W,Pts,L,Pts,Dif,,,,,,,
10/31/2022,ST,6,TNG,4,1,,,,,,,
ST v. TNG (6-4),GP1,GP2,GP3,Total,Place,,,,,,,
ayanami,38,31,38,107,1,,,,,,,
Agger,27,36,31,94,4,,,,,,,
Jesus,41,26,23,90,5,,,,,,,
Monster(1)/JorgeST(11),22,25,24,71,8,,,,,,,
Kyu,2,2,3,7,9,OP Scr,+/-,WTD,TpF,TpA,Event,
Shadow Team,130,120,119,-5,364,363,1,W,6,4,R,
(4-2),2,0,0,4,6,,,,,,,
(2-3),0,2,2,0,4,,,,,,,
The Nice Guys,114,124,125,0,363,364,-1,L,4,6,R,
Rey,26,35,40,101,2,,,,,,,
Chaos,12,53,30,95,3,,,,,,,
Brisk,29,17,36,82,6,,,,,,,
Dino,45,17,18,80,7,,,,,,,
Noah Cove,2,2,1,5,10,,,,,,,
,,,,,,,,,,,,
DONE,W,Pts,L,Pts,Dif,,,,,,,
11/2/22,ST,10,G4L,0,104,,,,,,,
ST vs GFL (10-0),GP1,GP2,GP3,Total,Place,,,,,,,
ayanami,60,40,30,130,1,,,,,,,
JesusST,32,29,33,94,3,,,,,,,
JorgeST,30,35,28,93,4,,,,,,,
Agger,22,32,38,92,5,,,,,,,
Kyu,4,3,2,9,9,OP Scr,+/-,WTD,TpF,TpA,Event,
Shadow Team,148,139,131,0,418,314,104,W,10,0,R,
(5-2),2,2,2,4,10,,,,,,,
(1-6),0,0,0,0,0,,,,,,,
Geek for Life,96,105,113,0,314,418,-104,L,0,10,R,
JordanFR,31,34,34,99,2,,,,,,,
ff go next,23,24,33,80,6,,,,,,,
Michaud,21,27,27,75,7,,,,,,,
VicZ,21,19,17,57,8,,,,,,,
DemonMK,0,1,2,3,10,,,,,,,
,,,,,,,,,,,,
DONE,W,Pts,L,Pts,Dif,,,,,,,
11/5/22,bz,10,Qnt,0,202,,,,,,,
bz vs Qnt (10-0),GP1,GP2,GP3,Total,Place,,,,,,,
Gisko,38,43,48,129,1,,,,,,,
Hakim,37,45,38,120,2,,,,,,,
Shark,35,34,32,101,3,,,,,,,
Mat,32,30,29,91,4,,,,,,,
Lxddz,3,0,1,4,10,OP Scr,+/-,WTD,TpF,TpA,Event,
Ici Ca Bz,145,152,148,0,445,243,202,W,10,0,R,
(4-3),2,2,2,4,10,,,,,,,
(0-7),0,0,0,0,0,,,,,,,
Quintessence,55,92,96,0,243,445,-202,L,0,10,R,
Cole,19,25,31,75,5,,,,,,,
Aqua,8,33,20,61,6,,,,,,,
Krapel,11,18,22,51,7,,,,,,,
Ben,17,12,20,49,8,,,,,,,
Locky,0,4,3,7,9,,,,,,,
,,,,,,,,,,,,
DONE,W,Pts,L,Pts,Dif,,,,,,,
11/5/22,TNG,10,Qnt,0,F,,,,,,,
TNG vs Qnt (10-0),GP1,GP2,GP3,Total,Place,,,,,,,
,,,,0,,,,,,,,
,,,,0,,,,,,,,
,,,,0,,,,,,,,
,,,,0,,,,,,,,
,,,,0,,OP Scr,+/-,WTD,TpF,TpA,Event,
The Nice Guys,100,100,100,300,300,0,300,W,10,0,R,
(3-3),2,2,2,4,10,,,,,,,
(0-8),0,0,0,0,0,,,,,,,
Quintessence,0,0,0,0,0,300,-300,L,0,10,R,
,,,,0,,,,,,,,
,,,,0,,,,,,,,
,,,,0,,,,,,,,
,,,,0,,,,,,,,
,,,,0,,,,,,,,
,,,,,,,,,,,,
DONE,W,Pts,L,Pts,Dif,,,,,,,
11/6/22,TNG,8,Cy,2,44,,,,,,,
TNG vs Cy (8-2),GP1,GP2,GP3,Total,Place,,,,,,,
chaos,39,22,60,121,1,,,,,,,
Rey,52,31,15,98,3,,,,,,,
Noah,30,36,17,83,5,,,,,,,
Dino,18,32,26,76,6,,,,,,,
andreese,0,3,2,5,10,OP Scr,+/-,WTD,TpF,TpA,Event,
The Nice Guys,139,124,120,-10,373,329,44,W,8,2,R,
(4-3),2,2,0,4,8,,,,,,,
(3-3),0,0,2,0,2,,,,,,,
Contingency White,105,120,124,-20,329,373,-44,L,2,8,R,
DanUK,33,41,34,108,2,,,,,,,
Klyde,29,26,32,87,4,,,,,,,
Klover,16,28,32,76,6,,,,,,,
HenryUS,23,24,24,71,8,,,,,,,
charmender,4,1,2,7,9,,,,,,,
,,,,,,,,,,,,
DONE,W,Pts,L,Pts,Dif,,,,,,,
11/6/22,By,10,TNG,0,192,,,,,,,
By vs TNG (10-0),GP1,GP2,GP3,Total,Place,,,,,,,
zilla,49,44,28,121,1,,,,,,,
jck,50,36,30,116,2,,,,,,,
Fire,32,41,37,110,3,,,,,,,
Spade,19,34,42,95,4,,,,,,,
Todd,4,3,3,10,9,OP Scr,+/-,WTD,TpF,TpA,Event,
Brutality,154,158,140,0,452,260,192,W,10,0,R,
(6-1),2,2,2,4,10,,,,,,,
(4-4),0,0,0,0,0,,,,,,,
The Nice Guys,90,86,104,-20,260,452,-192,L,0,10,R,
chaos,32,17,30,79,5,,,,,,,
The Beast,18,28,27,73,6,,,,,,,
Rey,19,20,26,65,7,,,,,,,
Noah,21,20,20,61,8,,,,,,,
brisk (8) / Luk3 (4),0,1,1,2,10,,,,,,,
,,,,,,,,,,,,
DONE,W,Pts,L,Pts,Dif,,,,,,,
11/9/22,Cy,10,Qnt,0,F,,,,,,,
Cy vs Qnt (10-0),GP1,GP2,GP3,Total,Place,,,,,,,
,,,,0,,,,,,,,
,,,,0,,,,,,,,
,,,,0,,,,,,,,
,,,,0,,,,,,,,
,,,,0,,OP Scr,+/-,WTD,TpF,TpA,Event,
Contingency White,100,100,100,300,300,0,300,W,10,0,R,
(4-3),2,2,2,4,10,,,,,,,
(0-9),0,0,0,0,0,,,,,,,
Quintessence,0,0,0,0,0,300,-300,L,0,10,R,
,,,,0,,,,,,,,
,,,,0,,,,,,,,
,,,,0,,,,,,,,
,,,,0,,,,,,,,
,,,,0,,,,,,,,
,,,,,,,,,,,,
DONE,W,Pts,L,Pts,Dif,,,,,,,
11/9/22,ST,10,Qnt,0,F,,,,,,,
ST vs Qnt (10-0),GP1,GP2,GP3,Total,Place,,,,,,,
,,,,0,,,,,,,,
,,,,0,,,,,,,,
,,,,0,,,,,,,,
,,,,0,,,,,,,,
,,,,0,,OP Scr,+/-,WTD,TpF,TpA,Event,
Shadow Team,100,100,100,300,300,0,300,W,10,0,R,
(4-3),2,2,2,4,10,,,,,,,
(0-10),0,0,0,0,0,,,,,,,
Quintessence,0,0,0,0,0,300,-300,L,0,10,R,
,,,,0,,,,,,,,
,,,,0,,,,,,,,
,,,,0,,,,,,,,
,,,,0,,,,,,,,
,,,,0,,,,,,,,
,,,,,,,,,,,,
DONE,W,Pts,L,Pts,Dif,,,,,,,
11/11/22,bz,10,ST,0,53,,,,,,,
bz vs ST (10-0),GP1,GP2,GP3,Total,Place,,,,,,,
Shiv,37,41,34,112,1,,,,,,,
Shark,36,23,38,97,3,,,,,,,
Mat,19,45,33,97,3,,,,,,,
Hakim,37,21,27,85,6,,,,,,,
Lxddz,2,0,1,3,10,OP Scr,+/-,WTD,TpF,TpA,Event,
Ici Ca Bz,131,130,133,-5,389,336,53,W,10,0,R,
(5-3),2,2,2,4,10,,,,,,,
(6-3),0,0,0,0,0,,,,,,,
Shadow Team,111,114,111,0,336,389,-53,L,0,10,R,
ayanami,43,32,25,100,2,,,,,,,
Jorge (1) / Broly (11),20,44,24,88,5,,,,,,,
Agger,32,18,26,76,7,,,,,,,
JesusST,14,16,33,63,8,,,,,,,
Francis,2,4,3,9,9,,,,,,,
,,,,,,,,,,,,
DONE,W,Pts,L,Pts,Dif,,,,,,,
11/11/22,By,8,G4L,2,47,,,,,,,
By vs G4L (10-0),GP1,GP2,GP3,Total,Place,,,,,,,
zilla,45,30,49,124,1,,,,,,,
Declan,24,39,32,95,3,,,,,,,
Fire,29,35,23,87,5,,,,,,,
jck,24,17,39,80,6,,,,,,,
Todd,2,0,3,5,10,OP Scr,+/-,WTD,TpF,TpA,Event,
Brutality,124,121,146,0,391,344,47,W,8,2,R,
(7-1),2,0,2,4,8,,,,,,,
(1-7),0,2,0,0,2,,,,,,,
Geek for Life,120,123,101,0,344,391,-47,L,2,8,R,
JordanFR,35,36,27,98,2,,,,,,,
VicZ,28,39,23,90,4,,,,,,,
ff go next,24,34,19,77,7,,,,,,,
u mirin brah,31,10,28,69,8,,,,,,,
DemonMK,2,4,4,10,9,,,,,,,
,,,,,,,,,,,,
DONE,W,Pts,L,Pts,Dif,,,,,,,
11/12/22,By,10,Cy,0,102,,,,,,,
By vs Cy (10-0),GP1,GP2,GP3,Total,Place,,,,,,,
Fire,46,41,48,135,1,,,,,,,
jck,42,25,43,110,2,,,,,,,
Declan,20,42,34,96,3,,,,,,,
zilla,16,41,14,71,7,,,,,,,
Todd,2,1,2,5,10,OP Scr,+/-,WTD,TpF,TpA,Event,
Brutality,126,150,141,0,417,315,102,W,10,0,R,
(8-1),2,2,2,4,10,,,,,,,
(4-4),0,0,0,0,0,,,,,,,
Contingency White,118,94,103,0,315,417,-102,L,0,10,R,
HenryUS,27,37,28,92,4,,,,,,,
DanUK,27,30,29,86,5,,,,,,,
Klyde,44,16,12,72,6,,,,,,,
Monty,18,8,32,58,8,,,,,,,
got on dbd,2,3,2,7,9,,,,,,,
,,,,,,,,,,,,
DONE,W,Pts,L,Pts,Dif,,,,,,,
11/12/22,GAMT,8,G4L,2,26,,,,,,,
GAMT vs G4L (8-2),GP1,GP2,GP3,Total,Place,,,,,,,
ryannnn,33,30,39,102,2,,,,,,,
Marky,36,23,37,96,3,,,,,,,
Arvo,33,13,50,96,3,,,,,,,
Eric,32,23,20,75,7,,,,,,,
Log,3,3,4,10,9,OP Scr,+/-,WTD,TpF,TpA,Event,
George Arvo Mark Toad,137,92,150,0,379,353,26,W,8,2,R,
(6-1),2,0,2,4,8,,,,,,,
(1-8),0,2,0,0,2,,,,,,,
Geek for Life,107,152,94,0,353,379,-26,L,2,8,R,
Shura,34,41,33,108,1,,,,,,,
VicZ,20,50,20,90,5,,,,,,,
JordanFR,35,21,24,80,6,,,,,,,
u mirin brah,17,39,17,73,8,,,,,,,
DemonMK,1,1,0,2,10,,,,,,,
,,,,,,,,,,,,
DONE,W,Pts,L,Pts,Dif,,,,,,,
11/13/22,By,8,GAMT,2,11,,,,,,,
By vs GAMT (8-2),GP1,GP2,GP3,Total,Place,,,,,,,
Jack,38,46,38,122,1,,,,,,,
Spade,31,22,42,95,2,,,,,,,
Fire,32,27,29,88,4,,,,,,,
Emperor,18,30,23,71,8,,,,,,,
Todd,1,1,2,4,10,OP Scr,+/-,WTD,TpF,TpA,Event,
Brutality,120,126,134,-25,355,344,11,W,8,2,R,
(9-1),0,2,2,4,8,,,,,,,
(6-2),2,0,0,0,2,,,,,,,
George Arvo Mark Toad,124,109,111,0,344,355,-11,L,2,8,R,
Luna,32,40,20,92,3,,,,,,,
Mark,33,27,28,88,4,,,,,,,
Ryan,34,16,30,80,6,,,,,,,
Arvo,22,24,30,76,7,,,,,,,
Log,3,2,3,8,9,,,,,,,
,,,,,,,,,,,,
DONE,W,Pts,L,Pts,Dif,,,,,,,
11/19/22,TNG,10,G4L,0,F,,,,,,,
TNG vs G4L (10-0),GP1,GP2,GP3,Total,Place,,,,,,,
,,,,0,,,,,,,,
,,,,0,,,,,,,,
,,,,0,,,,,,,,
,,,,0,,,,,,,,
,,,,0,,OP Scr,+/-,WTD,TpF,TpA,Event,
The Nice Guys,100,100,100,300,300,0,300,W,10,0,R,
(5-4),2,2,2,4,10,,,,,,,
(1-9),0,0,0,0,0,,,,,,,
Geek for Life,0,0,0,0,0,300,-300,L,0,10,R,
,,,,0,,,,,,,,
,,,,0,,,,,,,,
,,,,0,,,,,,,,
,,,,0,,,,,,,,
,,,,0,,,,,,,,
,,,,,,,,,,,,
DONE,W,Pts,L,Pts,Dif,,,,,,,
11/19/22,ST,8,Cy,2,40,,,,,,,
ST vs Cy (8-2),GP1,GP2,GP3,Total,Place,,,,,,,
Saru Bot,50,33,37,120,1,,,,,,,
ayanami,38,39,38,115,2,,,,,,,
JesusST,19,26,39,84,5,,,,,,,
Gabo,30,11,21,62,8,,,,,,,
Kyu,2,2,1,5,10,OP Scr,+/-,WTD,TpF,TpA,Event,
Shadow Team,139,111,136,0,386,346,40,W,8,2,R,
(7-3),2,0,2,4,8,,,,,,,
(4-5),0,2,0,0,2,,,,,,,
Contingency White,105,133,108,0,346,386,-40,L,2,8,R,
Monty,41,35,26,102,3,,,,,,,
HenryUS,16,41,36,93,4,,,,,,,
Cy Klyde,26,32,17,75,6,,,,,,,
DanUK,20,23,26,69,7,,,,,,,
got on dbd,2,2,3,7,9,,,,,,,
,,,,,,,,,,,,
DONE,W,Pts,L,Pts,Dif,,,,,,,
11/20/22,bz,8,GAMT,2,22,,,,,,,
bz vs GAMT (8-2),GP1,GP2,GP3,Total,Place,,,,,,,
Nikos Alachiass,34,35,40,109,2,,,,,,,
Shiv,32,45,23,100,3,,,,,,,
Gisko,28,32,34,94,4,,,,,,,
Cobra,19,20,32,71,7,,,,,,,
Lxddz,0,2,1,3,10,OP Scr,+/-,WTD,TpF,TpA,Event,
Ici Ca Bz,113,134,130,0,377,355,22,W,8,2,R,
(6-3),0,2,2,4,8,,,,,,,
(6-3),2,0,0,0,2,,,,,,,
George Arvo Mark Toad,131,110,114,0,355,377,-22,L,2,8,R,
ryannnn,48,32,36,116,1,,,,,,,
GAMT Arvo,36,20,35,91,5,,,,,,,
GAMT Eric,27,29,21,77,6,,,,,,,
GAMT Logan,16,27,19,62,8,,,,,,,
Log,4,2,3,9,9,,,,,,,
,,,,,,,,,,,,
DONE,W,Pts,L,Pts,Dif,,,,,,,
11/20/22,Cy,8,bz,2,6,,,,,,,
Cy vs bz (8-2),GP1,GP2,GP3,Total,Place,,,,,,,
DanUK,34,30,37,101,3,,,,,,,
Cy Klyde,26,30,38,94,5,,,,,,,
Storm,19,43,24,86,6,,,,,,,
HenryUS,25,34,21,80,7,,,,,,,
Ozzy,2,3,3,8,9,OP Scr,+/-,WTD,TpF,TpA,Event,
Contingency White,106,140,123,0,369,363,6,W,8,2,R,
(5-5),0,2,2,4,8,,,,,,,
(6-4),2,0,0,0,2,,,,,,,
Ici Ca Bz,138,104,121,0,363,369,-6,L,2,8,R,
Nikos Alachiass,30,44,36,110,1,,,,,,,
Cobra,53,16,35,104,2,,,,,,,
Lxddz,37,27,32,96,4,,,,,,,
Gisko,16,16,17,49,8,,,,,,,
Shiv,2,1,1,4,10,,,,,,,
,,,,,,,,,,,,
DONE,W,Pts,L,Pts,Dif,,,,,,,
11/20/22,TNG,8,GAMT,2,75,,,,,,,
TNG vs GAMT (8-2),GP1,GP2,GP3,Total,Place,,,,,,,
Chaos,47,14,54,115,1,,,,,,,
rey,36,31,46,113,2,,,,,,,
brisk,38,25,14,77,6,,,,,,,
Dino,26,32,14,72,7,,,,,,,
connor,3,1,0,4,10,OP Scr,+/-,WTD,TpF,TpA,Event,
The Nice Guys,150,103,128,0,381,306,75,W,8,2,R,
(6-4),2,0,2,4,8,,,,,,,
(6-4),0,2,0,0,2,,,,,,,
George Arvo Mark Toad,94,141,116,-45,306,381,-75,L,2,8,R,
Arvo,30,46,25,101,3,,,,,,,
Marky,25,37,32,94,4,,,,,,,
Ryan,22,28,28,78,5,,,,,,,
Eric,16,27,20,63,8,,,,,,,
Log,1,3,11,15,9,,,,,,,